<?xml version="1.0" encoding="UTF-8" ?>
<pageDefinition xmlns="http://xmlns.oracle.com/adfm/uimodel" version="12.2.1.16.48"
                id="AppModule_DepartmentsViewResources" Package="com.redsamurai.model.rest.v0" usageMode="RESTClient">
  <parameters/>
  <executables>
    <variableIterator id="variables"/>
    <iterator Binds="DepartmentsView1" RangeSize="5" DataControl="AppModuleDataControl" id="DepartmentsView1Iter"/>
  </executables>
  <bindings>
    <tree IterBinding="DepartmentsView1Iter" id="department" AccessorFolder="Always">
      <nodeDefinition DefName="com.redsamurai.model.DepartmentsView" Name="com.redsamurai.model.DepartmentsView"/>
    </tree>
  </bindings>
</pageDefinition>
