<?xml version="1.0" encoding="UTF-8" ?>
<pageDefinition xmlns="http://xmlns.oracle.com/adfm/uimodel" version="12.2.1.16.48"
                id="AppModule_JobHistoryViewResources" Package="com.redsamurai.model.rest.v0" usageMode="RESTClient">
  <parameters/>
  <executables>
    <variableIterator id="variables"/>
    <iterator Binds="JobHistoryView1" RangeSize="5" DataControl="AppModuleDataControl" id="JobHistoryView1Iter"/>
  </executables>
  <bindings>
    <tree IterBinding="JobHistoryView1Iter" id="jobHistory" AccessorFolder="Always">
      <nodeDefinition DefName="com.redsamurai.model.JobHistoryView" Name="com.redsamurai.model.JobHistoryView"/>
    </tree>
  </bindings>
</pageDefinition>
