<?xml version="1.0" encoding="UTF-8" ?>
<pageDefinition xmlns="http://xmlns.oracle.com/adfm/uimodel" version="12.2.1.16.48" id="AppModule_RegionsViewResources"
                Package="com.redsamurai.model.rest.v0" usageMode="RESTClient">
  <parameters/>
  <executables>
    <variableIterator id="variables"/>
    <iterator Binds="RegionsView1" RangeSize="5" DataControl="AppModuleDataControl" id="RegionsView1Iter"/>
  </executables>
  <bindings>
    <tree IterBinding="RegionsView1Iter" id="region" AccessorFolder="Always">
      <nodeDefinition DefName="com.redsamurai.model.RegionsView" Name="com.redsamurai.model.RegionsView"/>
    </tree>
  </bindings>
</pageDefinition>
