<?xml version="1.0" encoding="UTF-8" ?>
<pageDefinition xmlns="http://xmlns.oracle.com/adfm/uimodel" version="12.2.1.16.48"
                id="AppModule_EmployeesViewResources" Package="com.redsamurai.model.rest.v0" usageMode="RESTClient">
  <parameters/>
  <executables>
    <variableIterator id="variables"/>
    <iterator Binds="EmployeesView1" RangeSize="5" DataControl="AppModuleDataControl" id="EmployeesView1Iter"/>
  </executables>
  <bindings>
    <tree IterBinding="EmployeesView1Iter" id="employee" AccessorFolder="Always">
      <nodeDefinition DefName="com.redsamurai.model.EmployeesView" Name="com.redsamurai.model.EmployeesView"/>
    </tree>
  </bindings>
</pageDefinition>
