<?xml version="1.0" encoding="UTF-8" ?>
<pageDefinition xmlns="http://xmlns.oracle.com/adfm/uimodel" version="12.2.1.16.48"
                id="AppModule_LocationsViewResources" Package="com.redsamurai.model.rest.v0" usageMode="RESTClient">
  <parameters/>
  <executables>
    <variableIterator id="variables"/>
    <iterator Binds="LocationsView1" RangeSize="5" DataControl="AppModuleDataControl" id="LocationsView1Iter"/>
  </executables>
  <bindings>
    <tree IterBinding="LocationsView1Iter" id="location" AccessorFolder="Always">
      <nodeDefinition DefName="com.redsamurai.model.LocationsView" Name="com.redsamurai.model.LocationsView"/>
    </tree>
  </bindings>
</pageDefinition>
