<?xml version="1.0" encoding="UTF-8" ?>
<pageDefinition xmlns="http://xmlns.oracle.com/adfm/uimodel" version="12.2.1.16.48"
                id="AppModule_CountriesViewResources" Package="com.redsamurai.model.rest.v0" usageMode="RESTClient">
  <parameters/>
  <executables>
    <variableIterator id="variables"/>
    <iterator Binds="CountriesView1" RangeSize="5" DataControl="AppModuleDataControl" id="CountriesView1Iter"/>
  </executables>
  <bindings>
    <tree IterBinding="CountriesView1Iter" id="country" AccessorFolder="Always">
      <nodeDefinition DefName="com.redsamurai.model.CountriesView" Name="com.redsamurai.model.CountriesView"/>
    </tree>
  </bindings>
</pageDefinition>
