<?xml version="1.0" encoding="UTF-8" ?>
<pageDefinition xmlns="http://xmlns.oracle.com/adfm/uimodel" version="12.2.1.16.48" id="AppModule_JobsViewResources"
                Package="com.redsamurai.model.rest.v0" usageMode="RESTClient">
  <parameters/>
  <executables>
    <variableIterator id="variables"/>
    <iterator Binds="JobsView1" RangeSize="5" DataControl="AppModuleDataControl" id="JobsView1Iter"/>
  </executables>
  <bindings>
    <tree IterBinding="JobsView1Iter" id="job" AccessorFolder="Always">
      <nodeDefinition DefName="com.redsamurai.model.JobsView" Name="com.redsamurai.model.JobsView"/>
    </tree>
  </bindings>
</pageDefinition>
