<?xml version="1.0" encoding="UTF-8" ?>
<!DOCTYPE ViewObject SYSTEM "jbo_03_01.dtd">
<!---->
<ViewObject
  xmlns="http://xmlns.oracle.com/bc4j"
  Name="DepartmentsView"
  Version="12.2.1.16.48"
  InheritPersonalization="merge"
  SelectListFlags="1"
  FromListFlags="1"
  WhereFlags="1"
  BindingStyle="OracleName"
  CustomQuery="false"
  SelectAllAttributes="false"
  FetchMode="FETCH_AS_NEEDED"
  PageIterMode="Full">
  <EntityUsage
    Name="Departments"
    Entity="com.redsamurai.model.Departments"/>
  <EntityUsage
    Name="Employees"
    Entity="com.redsamurai.model.Employees"
    Association="com.redsamurai.model.DeptMgrFkAssoc"
    AssociationEnd="com.redsamurai.model.DeptMgrFkAssoc.Employees1"
    SourceUsage="com.redsamurai.model.DepartmentsView.Departments"
    ReadOnly="true"
    Reference="true"
    DeleteParticipant="false"
    JoinType="INNER JOIN">
    <DesignTime>
      <AttrArray Name="_dstAttributes">
        <Item Value="com.redsamurai.model.Employees.EmployeeId"/>
      </AttrArray>
      <AttrArray Name="_srcAttributes">
        <Item Value="com.redsamurai.model.Departments.ManagerId"/>
      </AttrArray>
    </DesignTime>
  </EntityUsage>
  <ViewAttribute
    Name="DepartmentId"
    IsNotNull="true"
    PrecisionRule="true"
    EntityAttrName="DepartmentId"
    EntityUsage="Departments"
    AliasName="DEPARTMENT_ID">
    <Properties>
      <SchemaBasedProperties>
        <LABEL
          ResId="com.redsamurai.model.DepartmentsView.DepartmentId_LABEL"/>
      </SchemaBasedProperties>
    </Properties>
  </ViewAttribute>
  <ViewAttribute
    Name="DepartmentName"
    IsNotNull="true"
    PrecisionRule="true"
    EntityAttrName="DepartmentName"
    EntityUsage="Departments"
    AliasName="DEPARTMENT_NAME">
    <Properties>
      <SchemaBasedProperties>
        <LABEL
          ResId="com.redsamurai.model.DepartmentsView.DepartmentName_LABEL"/>
      </SchemaBasedProperties>
    </Properties>
  </ViewAttribute>
  <ViewAttribute
    Name="ManagerId"
    PrecisionRule="true"
    EntityAttrName="ManagerId"
    EntityUsage="Departments"
    AliasName="MANAGER_ID"/>
  <ViewAttribute
    Name="LocationId"
    PrecisionRule="true"
    EntityAttrName="LocationId"
    EntityUsage="Departments"
    AliasName="LOCATION_ID"/>
  <ViewAttribute
    Name="FirstName"
    PrecisionRule="true"
    EntityAttrName="FirstName"
    EntityUsage="Employees"
    AliasName="FIRST_NAME"/>
  <ViewAttribute
    Name="EmployeeId"
    IsNotNull="true"
    PrecisionRule="true"
    EntityAttrName="EmployeeId"
    EntityUsage="Employees"
    AliasName="EMPLOYEE_ID"/>
  <ViewAttribute
    Name="LastName"
    IsNotNull="true"
    PrecisionRule="true"
    EntityAttrName="LastName"
    EntityUsage="Employees"
    AliasName="LAST_NAME"/>
  <AttrArray Name="KeyAttributes">
    <Item Value="DepartmentId"/>
  </AttrArray>
  <ViewLinkAccessor
    Name="EmployeesView"
    ViewLink="com.redsamurai.model.EmpDeptFkLink"
    Type="oracle.jbo.RowIterator"
    IsUpdateable="false"/>
  <ResourceBundle>
    <PropertiesBundle
      PropertiesFile="com.redsamurai.model.ModelBundle"/>
  </ResourceBundle>
</ViewObject>
