<?xml version="1.0" encoding="UTF-8" ?>
<!DOCTYPE ViewLink SYSTEM "jbo_03_01.dtd">
<!---->
<ViewLink
  xmlns="http://xmlns.oracle.com/bc4j"
  Name="DeptMgrFkLink"
  Version="12.2.1.16.48"
  InheritPersonalization="merge"
  EntityAssociation="com.redsamurai.model.DeptMgrFkAssoc">
  <ViewLinkDefEnd
    Name="EmployeesView1_1"
    Cardinality="1"
    Source="true"
    Owner="com.redsamurai.model.EmployeesView">
    <DesignTime>
      <Attr Name="_isUpdateable" Value="true"/>
      <Attr Name="_finderName" Value="EmployeesView1"/>
    </DesignTime>
    <AttrArray Name="Attributes">
      <Item Value="com.redsamurai.model.EmployeesView.EmployeeId"/>
    </AttrArray>
  </ViewLinkDefEnd>
  <ViewLinkDefEnd
    Name="DepartmentsView"
    Cardinality="-1"
    Owner="com.redsamurai.model.DepartmentsView">
    <DesignTime>
      <Attr Name="_isUpdateable" Value="true"/>
      <Attr Name="_finderName" Value="DepartmentsView"/>
    </DesignTime>
    <AttrArray Name="Attributes">
      <Item Value="com.redsamurai.model.DepartmentsView.ManagerId"/>
    </AttrArray>
  </ViewLinkDefEnd>
</ViewLink>
