<?xml version="1.0" encoding="UTF-8" ?>
<!DOCTYPE ViewObject SYSTEM "jbo_03_01.dtd">
<!---->
<ViewObject
  xmlns="http://xmlns.oracle.com/bc4j"
  Name="EmployeesView"
  Version="12.2.1.16.48"
  InheritPersonalization="merge"
  SelectListFlags="1"
  FromListFlags="1"
  WhereFlags="1"
  BindingStyle="OracleName"
  CustomQuery="false"
  SelectAllAttributes="false"
  FetchMode="FETCH_AS_NEEDED"
  PageIterMode="Full">
  <EntityUsage
    Name="Employees"
    Entity="com.redsamurai.model.Employees"/>
  <ViewAttribute
    Name="EmployeeId"
    IsNotNull="true"
    PrecisionRule="true"
    EntityAttrName="EmployeeId"
    EntityUsage="Employees"
    AliasName="EMPLOYEE_ID">
    <Properties>
      <SchemaBasedProperties>
        <LABEL
          ResId="com.redsamurai.model.EmployeesView.EmployeeId_LABEL"/>
      </SchemaBasedProperties>
    </Properties>
  </ViewAttribute>
  <ViewAttribute
    Name="FirstName"
    PrecisionRule="true"
    EntityAttrName="FirstName"
    EntityUsage="Employees"
    AliasName="FIRST_NAME">
    <Properties>
      <SchemaBasedProperties>
        <LABEL
          ResId="com.redsamurai.model.EmployeesView.FirstName_LABEL"/>
      </SchemaBasedProperties>
    </Properties>
  </ViewAttribute>
  <ViewAttribute
    Name="LastName"
    IsNotNull="true"
    PrecisionRule="true"
    EntityAttrName="LastName"
    EntityUsage="Employees"
    AliasName="LAST_NAME">
    <Properties>
      <SchemaBasedProperties>
        <LABEL
          ResId="com.redsamurai.model.EmployeesView.LastName_LABEL"/>
      </SchemaBasedProperties>
    </Properties>
  </ViewAttribute>
  <ViewAttribute
    Name="Email"
    IsUnique="true"
    IsNotNull="true"
    PrecisionRule="true"
    EntityAttrName="Email"
    EntityUsage="Employees"
    AliasName="EMAIL">
    <Properties>
      <SchemaBasedProperties>
        <LABEL
          ResId="com.redsamurai.model.EmployeesView.Email_LABEL"/>
      </SchemaBasedProperties>
    </Properties>
  </ViewAttribute>
  <ViewAttribute
    Name="PhoneNumber"
    PrecisionRule="true"
    EntityAttrName="PhoneNumber"
    EntityUsage="Employees"
    AliasName="PHONE_NUMBER">
    <Properties>
      <SchemaBasedProperties>
        <LABEL
          ResId="com.redsamurai.model.EmployeesView.PhoneNumber_LABEL"/>
      </SchemaBasedProperties>
    </Properties>
  </ViewAttribute>
  <ViewAttribute
    Name="HireDate"
    IsNotNull="true"
    PrecisionRule="true"
    EntityAttrName="HireDate"
    EntityUsage="Employees"
    AliasName="HIRE_DATE">
    <Properties>
      <SchemaBasedProperties>
        <LABEL
          ResId="com.redsamurai.model.EmployeesView.HireDate_LABEL"/>
      </SchemaBasedProperties>
    </Properties>
  </ViewAttribute>
  <ViewAttribute
    Name="JobId"
    IsNotNull="true"
    PrecisionRule="true"
    EntityAttrName="JobId"
    EntityUsage="Employees"
    AliasName="JOB_ID">
    <Properties>
      <SchemaBasedProperties>
        <LABEL
          ResId="com.redsamurai.model.EmployeesView.JobId_LABEL"/>
      </SchemaBasedProperties>
    </Properties>
  </ViewAttribute>
  <ViewAttribute
    Name="Salary"
    PrecisionRule="true"
    EntityAttrName="Salary"
    EntityUsage="Employees"
    AliasName="SALARY">
    <Properties>
      <SchemaBasedProperties>
        <LABEL
          ResId="com.redsamurai.model.EmployeesView.Salary_LABEL"/>
        <FMT_FORMAT
          ResId="com.redsamurai.model.EmployeesView.Salary_FMT_FORMAT"/>
        <FMT_FORMATTER
          ResId="com.redsamurai.model.EmployeesView.Salary_FMT_FORMATTER"/>
      </SchemaBasedProperties>
    </Properties>
  </ViewAttribute>
  <ViewAttribute
    Name="CommissionPct"
    PrecisionRule="true"
    EntityAttrName="CommissionPct"
    EntityUsage="Employees"
    AliasName="COMMISSION_PCT">
    <Properties>
      <SchemaBasedProperties>
        <LABEL
          ResId="com.redsamurai.model.EmployeesView.CommissionPct_LABEL"/>
      </SchemaBasedProperties>
    </Properties>
  </ViewAttribute>
  <ViewAttribute
    Name="ManagerId"
    PrecisionRule="true"
    EntityAttrName="ManagerId"
    EntityUsage="Employees"
    AliasName="MANAGER_ID">
    <Properties>
      <SchemaBasedProperties>
        <LABEL
          ResId="com.redsamurai.model.EmployeesView.ManagerId_LABEL"/>
      </SchemaBasedProperties>
    </Properties>
  </ViewAttribute>
  <ViewAttribute
    Name="DepartmentId"
    PrecisionRule="true"
    EntityAttrName="DepartmentId"
    EntityUsage="Employees"
    AliasName="DEPARTMENT_ID">
    <Properties>
      <SchemaBasedProperties>
        <LABEL
          ResId="com.redsamurai.model.EmployeesView.DepartmentId_LABEL"/>
      </SchemaBasedProperties>
    </Properties>
  </ViewAttribute>
  <ViewLinkAccessor
    Name="EmployeesView"
    ViewLink="com.redsamurai.model.EmpManagerFkLink"
    Type="oracle.jbo.RowIterator"
    IsUpdateable="false"/>
  <ViewLinkAccessor
    Name="DepartmentsView"
    ViewLink="com.redsamurai.model.DeptMgrFkLink"
    Type="oracle.jbo.RowIterator"
    IsUpdateable="false"/>
  <ResourceBundle>
    <PropertiesBundle
      PropertiesFile="com.redsamurai.model.ModelBundle"/>
  </ResourceBundle>
</ViewObject>
