<?xml version="1.0" encoding="UTF-8" ?>
<adfc-config xmlns="http://xmlns.oracle.com/adf/controller" version="1.2">
  <view id="Home">
    <page>/Home.jspx</page>
  </view>
  <view id="Slow">
    <page>/Slow.jspx</page>
  </view>
  <view id="Live">
    <page>/Live.jspx</page>
  </view>
  <view id="WebComponents">
    <page>/WebComponents.jspx</page>
  </view>
  <view id="Hierarchy">
    <page>/Hierarchy.jspx</page>
  </view>
  <control-flow-rule id="__1">
    <from-activity-id>*</from-activity-id>
    <control-flow-case id="__2">
      <from-outcome>home</from-outcome>
      <to-activity-id>Home</to-activity-id>
    </control-flow-case>
    <control-flow-case id="__3">
      <from-outcome>slow</from-outcome>
      <to-activity-id>Slow</to-activity-id>
    </control-flow-case>
    <control-flow-case id="__5">
      <from-outcome>live</from-outcome>
      <to-activity-id>Live</to-activity-id>
    </control-flow-case>
    <control-flow-case id="__6">
      <from-outcome>webcomponents</from-outcome>
      <to-activity-id>WebComponents</to-activity-id>
    </control-flow-case>
    <control-flow-case id="__7">
      <from-outcome>hierarchy</from-outcome>
      <to-activity-id>Hierarchy</to-activity-id>
    </control-flow-case>
  </control-flow-rule>
  <managed-bean id="__4">
    <managed-bean-name>Live</managed-bean-name>
    <managed-bean-class>com.redsamurai.view.Live</managed-bean-class>
    <managed-bean-scope>request</managed-bean-scope>
  </managed-bean>
  <managed-bean id="__8">
    <managed-bean-name>WebComponents</managed-bean-name>
    <managed-bean-class>com.redsamurai.view.WebComponents</managed-bean-class>
    <managed-bean-scope>request</managed-bean-scope>
  </managed-bean>
</adfc-config>
