<?xml version="1.0" encoding="UTF-8"?>
<project-private xmlns="http://www.netbeans.org/ns/project-private/1">
    <editor-bookmarks xmlns="http://www.netbeans.org/ns/editor-bookmarks/2" lastBookmarkId="0"/>
    <open-files xmlns="http://www.netbeans.org/ns/projectui-open-files/2">
        <group>
            <file>file:/WORK/tech17jetdemo/src/js/viewModels/dashboard.js</file>
            <file>file:/WORK/tech17jetdemo/src/js/appController.js</file>
            <file>file:/WORK/tech17jetdemo/src/js/views/about.html</file>
            <file>file:/WORK/tech17jetdemo/src/index.html</file>
            <file>file:/WORK/tech17jetdemo/src/js/websocket.js</file>
            <file>file:/WORK/tech17jetdemo/src/js/viewModels/customers.js</file>
            <file>file:/WORK/tech17jetdemo/src/js/viewModels/incidents.js</file>
            <file>file:/WORK/tech17jetdemo/src/js/views/incidents.html</file>
            <file>file:/WORK/tech17jetdemo/src/js/main.js</file>
            <file>file:/WORK/tech17jetdemo/src/js/viewModels/about.js</file>
            <file>file:/WORK/tech17jetdemo/src/js/views/customers.html</file>
        </group>
    </open-files>
</project-private>
