<?xml version="1.0" encoding="UTF-8" ?>
<adfc-config xmlns="http://xmlns.oracle.com/adf/controller" version="1.2">
  <task-flow-definition id="employees">
    <default-activity>employeesList</default-activity>
    <data-control-scope>
      <shared/>
    </data-control-scope>
    <view id="employeesList">
      <page>/employeeList.jsff</page>
    </view>
    <view id="employeesForm">
     <page>/employeesForm.jsff</page>
    </view>
    <control-flow-rule id="__1">
      <from-activity-id>employeesList</from-activity-id>
      <control-flow-case id="__2">
        <from-outcome>edit</from-outcome>
        <to-activity-id>employeesForm</to-activity-id>
      </control-flow-case>
    </control-flow-rule>
    <control-flow-rule id="__3">
      <from-activity-id>employeesForm</from-activity-id>
      <control-flow-case id="__4">
        <from-outcome>back</from-outcome>
        <to-activity-id>employeesList</to-activity-id>
      </control-flow-case>
    </control-flow-rule>
    <use-page-fragments/>
  </task-flow-definition>
</adfc-config>
