<?xml version="1.0" encoding="UTF-8" ?>
<!DOCTYPE Association SYSTEM "jbo_03_01.dtd">
<!---->
<Association
  xmlns="http://xmlns.oracle.com/bc4j"
  Name="CountrRegFkAssoc"
  Version="12.2.1.16.48"
  InheritPersonalization="merge">
  <DesignTime>
    <Attr Name="_isCodegen" Value="true"/>
  </DesignTime>
  <AssociationEnd
    Name="Regions"
    Cardinality="1"
    Source="true"
    Owner="com.redsamurai.model.Regions">
    <DesignTime>
      <Attr Name="_isUpdateable" Value="true"/>
      <Attr Name="_aggregation" Value="0"/>
      <Attr Name="_finderName" Value="Regions"/>
      <Attr Name="_foreignKey" Value="com.redsamurai.model.Regions.RegIdPk"/>
    </DesignTime>
    <AttrArray Name="Attributes">
      <Item Value="com.redsamurai.model.Regions.RegionId"/>
    </AttrArray>
  </AssociationEnd>
  <AssociationEnd
    Name="Countries"
    Cardinality="-1"
    Owner="com.redsamurai.model.Countries">
    <DesignTime>
      <Attr Name="_isUpdateable" Value="true"/>
      <Attr Name="_aggregation" Value="0"/>
      <Attr Name="_finderName" Value="Countries"/>
      <Attr Name="_foreignKey" Value="com.redsamurai.model.Countries.CountrRegFk"/>
    </DesignTime>
    <AttrArray Name="Attributes">
      <Item Value="com.redsamurai.model.Countries.RegionId"/>
    </AttrArray>
  </AssociationEnd>
</Association>
