<?xml version="1.0" encoding="UTF-8" ?>
<!DOCTYPE ViewObject SYSTEM "jbo_03_01.dtd">
<!---->
<ViewObject
  xmlns="http://xmlns.oracle.com/bc4j"
  Name="CountriesView"
  Version="12.2.1.16.48"
  InheritPersonalization="merge"
  SelectListFlags="1"
  FromListFlags="1"
  WhereFlags="1"
  BindingStyle="OracleName"
  CustomQuery="false"
  SelectAllAttributes="false"
  FetchMode="FETCH_AS_NEEDED"
  PageIterMode="Full"
  ComponentClass="com.redsamurai.model.BaseVOImpl">
  <DesignTime>
    <Attr Name="_objectSuperClassName" Value="com.redsamurai.model.BaseVOImpl"/>
  </DesignTime>
  <EntityUsage
    Name="Countries"
    Entity="com.redsamurai.model.Countries"/>
  <EntityUsage
    Name="Regions"
    Entity="com.redsamurai.model.Regions"
    Association="com.redsamurai.model.CountrRegFkAssoc"
    AssociationEnd="com.redsamurai.model.CountrRegFkAssoc.Regions"
    SourceUsage="com.redsamurai.model.CountriesView.Countries"
    ReadOnly="true"
    Reference="true"
    DeleteParticipant="false"
    JoinType="INNER JOIN">
    <DesignTime>
      <AttrArray Name="_dstAttributes">
        <Item Value="com.redsamurai.model.Regions.RegionId"/>
      </AttrArray>
      <AttrArray Name="_srcAttributes">
        <Item Value="com.redsamurai.model.Countries.RegionId"/>
      </AttrArray>
    </DesignTime>
  </EntityUsage>
  <ViewAttribute
    Name="CountryId"
    IsNotNull="true"
    PrecisionRule="true"
    EntityAttrName="CountryId"
    EntityUsage="Countries"
    AliasName="COUNTRY_ID"/>
  <ViewAttribute
    Name="CountryName"
    PrecisionRule="true"
    EntityAttrName="CountryName"
    EntityUsage="Countries"
    AliasName="COUNTRY_NAME"/>
  <ViewAttribute
    Name="RegionId"
    PrecisionRule="true"
    EntityAttrName="RegionId"
    EntityUsage="Countries"
    AliasName="REGION_ID"/>
  <ViewAttribute
    Name="RegionName"
    PrecisionRule="true"
    EntityAttrName="RegionName"
    EntityUsage="Regions"
    AliasName="REGION_NAME"/>
  <ViewAttribute
    Name="RegionId1"
    IsNotNull="true"
    PrecisionRule="true"
    EntityAttrName="RegionId"
    EntityUsage="Regions"
    AliasName="REGION_ID1"/>
  <AttrArray Name="KeyAttributes">
    <Item Value="CountryId"/>
  </AttrArray>
  <ViewLinkAccessor
    Name="LocationsView"
    ViewLink="com.redsamurai.model.LocCIdFkLink"
    Type="oracle.jbo.RowIterator"
    IsUpdateable="false"/>
  <SortCriteria>
    <Sort
      Attribute="CountryId"
      Ascending="false"/>
  </SortCriteria>
</ViewObject>
