<?xml version="1.0" encoding="UTF-8" ?>
<!DOCTYPE ViewObject SYSTEM "jbo_03_01.dtd">
<!---->
<ViewObject
  xmlns="http://xmlns.oracle.com/bc4j"
  Name="DepartmentsView"
  Version="12.2.1.16.48"
  InheritPersonalization="merge"
  SelectListFlags="1"
  FromListFlags="1"
  WhereFlags="1"
  BindingStyle="OracleName"
  CustomQuery="false"
  SelectAllAttributes="false"
  FetchMode="FETCH_AS_NEEDED"
  PageIterMode="Full"
  ComponentClass="com.redsamurai.model.BaseVOImpl">
  <ViewAccessor
    Name="EmployeesVA"
    ViewObjectName="com.redsamurai.model.EmployeesView"
    RowLevelBinds="true"/>
  <ListBinding
    Name="LOV_ManagerId"
    ListVOName="EmployeesVA"
    NullValueFlag="none"
    MRUCount="0">
    <AttrArray Name="AttrNames">
      <Item Value="ManagerId"/>
    </AttrArray>
    <AttrArray Name="AttrExpressions"/>
    <AttrArray Name="ListAttrNames">
      <Item Value="EmployeeId"/>
    </AttrArray>
    <AttrArray Name="ListDisplayAttrNames">
      <Item Value="FirstName"/>
      <Item Value="LastName"/>
    </AttrArray>
    <DisplayCriteria/>
  </ListBinding>
  <EntityUsage
    Name="Departments"
    Entity="com.redsamurai.model.Departments"/>
  <EntityUsage
    Name="Employees"
    Entity="com.redsamurai.model.Employees"
    Association="com.redsamurai.model.DeptMgrFkAssoc"
    AssociationEnd="com.redsamurai.model.DeptMgrFkAssoc.Employees"
    SourceUsage="com.redsamurai.model.DepartmentsView.Departments"
    ReadOnly="true"
    Reference="true"
    DeleteParticipant="false"
    JoinType="INNER JOIN">
    <DesignTime>
      <AttrArray Name="_dstAttributes">
        <Item Value="com.redsamurai.model.Employees.EmployeeId"/>
      </AttrArray>
      <AttrArray Name="_srcAttributes">
        <Item Value="com.redsamurai.model.Departments.ManagerId"/>
      </AttrArray>
    </DesignTime>
  </EntityUsage>
  <EntityUsage
    Name="Locations"
    Entity="com.redsamurai.model.Locations"
    Association="com.redsamurai.model.DeptLocFkAssoc"
    AssociationEnd="com.redsamurai.model.DeptLocFkAssoc.Locations"
    SourceUsage="com.redsamurai.model.DepartmentsView.Departments"
    ReadOnly="true"
    Reference="true"
    DeleteParticipant="false"
    JoinType="INNER JOIN">
    <DesignTime>
      <AttrArray Name="_dstAttributes">
        <Item Value="com.redsamurai.model.Locations.LocationId"/>
      </AttrArray>
      <AttrArray Name="_srcAttributes">
        <Item Value="com.redsamurai.model.Departments.LocationId"/>
      </AttrArray>
    </DesignTime>
  </EntityUsage>
  <ViewAttribute
    Name="DepartmentId"
    IsNotNull="true"
    PrecisionRule="true"
    EntityAttrName="DepartmentId"
    EntityUsage="Departments"
    AliasName="DEPARTMENT_ID"/>
  <ViewAttribute
    Name="DepartmentName"
    IsNotNull="true"
    PrecisionRule="true"
    EntityAttrName="DepartmentName"
    EntityUsage="Departments"
    AliasName="DEPARTMENT_NAME"/>
  <ViewAttribute
    Name="ManagerId"
    PrecisionRule="true"
    EntityAttrName="ManagerId"
    EntityUsage="Departments"
    AliasName="MANAGER_ID"
    LOVName="LOV_ManagerId">
    <Properties>
      <SchemaBasedProperties>
        <CONTROLTYPE
          Value="choice"/>
      </SchemaBasedProperties>
    </Properties>
  </ViewAttribute>
  <ViewAttribute
    Name="LocationId"
    PrecisionRule="true"
    EntityAttrName="LocationId"
    EntityUsage="Departments"
    AliasName="LOCATION_ID"/>
  <ViewAttribute
    Name="FirstName"
    PrecisionRule="true"
    EntityAttrName="FirstName"
    EntityUsage="Employees"
    AliasName="FIRST_NAME"/>
  <ViewAttribute
    Name="EmployeeId"
    IsNotNull="true"
    PrecisionRule="true"
    EntityAttrName="EmployeeId"
    EntityUsage="Employees"
    AliasName="EMPLOYEE_ID"/>
  <ViewAttribute
    Name="LastName"
    IsNotNull="true"
    PrecisionRule="true"
    EntityAttrName="LastName"
    EntityUsage="Employees"
    AliasName="LAST_NAME"/>
  <ViewAttribute
    Name="City"
    IsNotNull="true"
    PrecisionRule="true"
    EntityAttrName="City"
    EntityUsage="Locations"
    AliasName="CITY"/>
  <ViewAttribute
    Name="LocationId1"
    IsNotNull="true"
    PrecisionRule="true"
    EntityAttrName="LocationId"
    EntityUsage="Locations"
    AliasName="LOCATION_ID1"/>
  <AttrArray Name="KeyAttributes">
    <Item Value="DepartmentId"/>
  </AttrArray>
  <ViewLinkAccessor
    Name="EmployeesView"
    ViewLink="com.redsamurai.model.EmpDeptFkLink"
    Type="oracle.jbo.RowIterator"
    IsUpdateable="false"/>
  <ViewLinkAccessor
    Name="JobHistoryView"
    ViewLink="com.redsamurai.model.JhistDeptFkLink"
    Type="oracle.jbo.RowIterator"
    IsUpdateable="false"/>
</ViewObject>
