<?xml version="1.0" encoding="UTF-8" ?>
<!DOCTYPE Association SYSTEM "jbo_03_01.dtd">
<!---->
<Association
  xmlns="http://xmlns.oracle.com/bc4j"
  Name="DeptLocFkAssoc"
  Version="12.2.1.16.48"
  InheritPersonalization="merge">
  <DesignTime>
    <Attr Name="_isCodegen" Value="true"/>
  </DesignTime>
  <AssociationEnd
    Name="Locations"
    Cardinality="1"
    Source="true"
    Owner="com.redsamurai.model.Locations">
    <DesignTime>
      <Attr Name="_isUpdateable" Value="true"/>
      <Attr Name="_aggregation" Value="0"/>
      <Attr Name="_finderName" Value="Locations"/>
      <Attr Name="_foreignKey" Value="com.redsamurai.model.Locations.LocIdPk"/>
    </DesignTime>
    <AttrArray Name="Attributes">
      <Item Value="com.redsamurai.model.Locations.LocationId"/>
    </AttrArray>
  </AssociationEnd>
  <AssociationEnd
    Name="Departments"
    Cardinality="-1"
    Owner="com.redsamurai.model.Departments">
    <DesignTime>
      <Attr Name="_isUpdateable" Value="true"/>
      <Attr Name="_aggregation" Value="0"/>
      <Attr Name="_finderName" Value="Departments"/>
      <Attr Name="_foreignKey" Value="com.redsamurai.model.Departments.DeptLocFk"/>
    </DesignTime>
    <AttrArray Name="Attributes">
      <Item Value="com.redsamurai.model.Departments.LocationId"/>
    </AttrArray>
  </AssociationEnd>
</Association>
