<?xml version="1.0" encoding="UTF-8" ?>
<!DOCTYPE ViewObject SYSTEM "jbo_03_01.dtd">
<!---->
<ViewObject
  xmlns="http://xmlns.oracle.com/bc4j"
  Name="EmployeesView"
  Version="12.2.1.16.48"
  InheritPersonalization="merge"
  BindingStyle="OracleName"
  CustomQuery="false"
  FetchMode="FETCH_AS_NEEDED"
  PageIterMode="Full"
  ComponentClass="com.redsamurai.model.BaseVOImpl"
  SelectList="Employees.EMPLOYEE_ID, 
       Employees.FIRST_NAME, 
       Employees.LAST_NAME, 
       Employees.EMAIL, 
       Employees.PHONE_NUMBER, 
       Employees.HIRE_DATE, 
       Employees.JOB_ID, 
       Employees.SALARY, 
       Employees.COMMISSION_PCT, 
       Employees.MANAGER_ID, 
       Employees.DEPARTMENT_ID, 
       Employees1.LAST_NAME AS LAST_NAME1, 
       Employees1.EMPLOYEE_ID AS EMPLOYEE_ID1, 
       Employees1.FIRST_NAME AS FIRST_NAME1, 
       Jobs.JOB_TITLE, 
       Jobs.JOB_ID AS JOB_ID1, 
       Departments.DEPARTMENT_NAME, 
       Departments.DEPARTMENT_ID AS DEPARTMENT_ID1, 
       Jobs.MAX_SALARY, 
       Jobs.MIN_SALARY"
  FromList="EMPLOYEES Employees, EMPLOYEES Employees1, JOBS Jobs, DEPARTMENTS Departments"
  Where="((Employees.MANAGER_ID = Employees1.EMPLOYEE_ID(+)) AND (Employees1.JOB_ID = Jobs.JOB_ID)) AND (Employees1.DEPARTMENT_ID = Departments.DEPARTMENT_ID)"
  RowClass="com.redsamurai.model.EmployeesViewRowImpl"
  OrderBy="Employees.FIRST_NAME,Employees.LAST_NAME">
  <DesignTime>
    <Attr Name="_codeGenFlag2" Value="Access"/>
    <Attr Name="_isCodegen" Value="true"/>
  </DesignTime>
  <EntityUsage
    Name="Employees"
    Entity="com.redsamurai.model.Employees"/>
  <EntityUsage
    Name="Employees1"
    Entity="com.redsamurai.model.Employees"
    Association="com.redsamurai.model.EmpManagerFkAssoc"
    AssociationEnd="com.redsamurai.model.EmpManagerFkAssoc.ManagerIdEmployees"
    SourceUsage="com.redsamurai.model.EmployeesView.Employees"
    ReadOnly="true"
    Reference="true"
    DeleteParticipant="false"
    JoinType="LEFT OUTER JOIN">
    <DesignTime>
      <AttrArray Name="_dstAttributes">
        <Item Value="com.redsamurai.model.Employees.EmployeeId"/>
      </AttrArray>
      <AttrArray Name="_srcAttributes">
        <Item Value="com.redsamurai.model.Employees.ManagerId"/>
      </AttrArray>
    </DesignTime>
  </EntityUsage>
  <EntityUsage
    Name="Jobs"
    Entity="com.redsamurai.model.Jobs"
    Association="com.redsamurai.model.EmpJobFkAssoc"
    AssociationEnd="com.redsamurai.model.EmpJobFkAssoc.Jobs"
    SourceUsage="com.redsamurai.model.EmployeesView.Employees1"
    ReadOnly="true"
    Reference="true"
    DeleteParticipant="false"
    JoinType="INNER JOIN">
    <DesignTime>
      <AttrArray Name="_dstAttributes">
        <Item Value="com.redsamurai.model.Jobs.JobId"/>
      </AttrArray>
      <AttrArray Name="_srcAttributes">
        <Item Value="com.redsamurai.model.Employees.JobId"/>
      </AttrArray>
    </DesignTime>
  </EntityUsage>
  <EntityUsage
    Name="Departments"
    Entity="com.redsamurai.model.Departments"
    Association="com.redsamurai.model.EmpDeptFkAssoc"
    AssociationEnd="com.redsamurai.model.EmpDeptFkAssoc.Departments1"
    SourceUsage="com.redsamurai.model.EmployeesView.Employees1"
    ReadOnly="true"
    Reference="true"
    DeleteParticipant="false"
    JoinType="INNER JOIN">
    <DesignTime>
      <AttrArray Name="_dstAttributes">
        <Item Value="com.redsamurai.model.Departments.DepartmentId"/>
      </AttrArray>
      <AttrArray Name="_srcAttributes">
        <Item Value="com.redsamurai.model.Employees.DepartmentId"/>
      </AttrArray>
    </DesignTime>
  </EntityUsage>
  <ViewAttribute
    Name="EmployeeId"
    IsNotNull="true"
    PrecisionRule="true"
    EntityAttrName="EmployeeId"
    EntityUsage="Employees"
    AliasName="EMPLOYEE_ID"/>
  <ViewAttribute
    Name="FirstName"
    PrecisionRule="true"
    EntityAttrName="FirstName"
    EntityUsage="Employees"
    AliasName="FIRST_NAME">
    <Properties>
      <SchemaBasedProperties>
        <LABEL
          ResId="com.redsamurai.model.EmployeesView.FirstName_LABEL"/>
      </SchemaBasedProperties>
    </Properties>
  </ViewAttribute>
  <ViewAttribute
    Name="LastName"
    IsNotNull="true"
    PrecisionRule="true"
    EntityAttrName="LastName"
    EntityUsage="Employees"
    AliasName="LAST_NAME">
    <Properties>
      <SchemaBasedProperties>
        <LABEL
          ResId="com.redsamurai.model.EmployeesView.LastName_LABEL"/>
      </SchemaBasedProperties>
    </Properties>
  </ViewAttribute>
  <ViewAttribute
    Name="Email"
    IsUnique="true"
    IsNotNull="true"
    PrecisionRule="true"
    EntityAttrName="Email"
    EntityUsage="Employees"
    AliasName="EMAIL"/>
  <ViewAttribute
    Name="PhoneNumber"
    PrecisionRule="true"
    EntityAttrName="PhoneNumber"
    EntityUsage="Employees"
    AliasName="PHONE_NUMBER"/>
  <ViewAttribute
    Name="HireDate"
    IsNotNull="true"
    PrecisionRule="true"
    EntityAttrName="HireDate"
    EntityUsage="Employees"
    AliasName="HIRE_DATE"/>
  <ViewAttribute
    Name="JobId"
    IsNotNull="true"
    PrecisionRule="true"
    EntityAttrName="JobId"
    EntityUsage="Employees"
    AliasName="JOB_ID"/>
  <ViewAttribute
    Name="Salary"
    PrecisionRule="true"
    EntityAttrName="Salary"
    EntityUsage="Employees"
    AliasName="SALARY"/>
  <ViewAttribute
    Name="CommissionPct"
    PrecisionRule="true"
    EntityAttrName="CommissionPct"
    EntityUsage="Employees"
    AliasName="COMMISSION_PCT"/>
  <ViewAttribute
    Name="ManagerId"
    PrecisionRule="true"
    EntityAttrName="ManagerId"
    EntityUsage="Employees"
    AliasName="MANAGER_ID"/>
  <ViewAttribute
    Name="DepartmentId"
    PrecisionRule="true"
    EntityAttrName="DepartmentId"
    EntityUsage="Employees"
    AliasName="DEPARTMENT_ID"/>
  <ViewAttribute
    Name="ManagerLastName"
    IsNotNull="true"
    PrecisionRule="true"
    EntityAttrName="LastName"
    EntityUsage="Employees1"
    AliasName="LAST_NAME1"/>
  <ViewAttribute
    Name="EmployeeId1"
    IsNotNull="true"
    PrecisionRule="true"
    EntityAttrName="EmployeeId"
    EntityUsage="Employees1"
    AliasName="EMPLOYEE_ID1"/>
  <ViewAttribute
    Name="ManagerFirstName"
    PrecisionRule="true"
    EntityAttrName="FirstName"
    EntityUsage="Employees1"
    AliasName="FIRST_NAME1"/>
  <ViewAttribute
    Name="JobTitle"
    IsNotNull="true"
    PrecisionRule="true"
    EntityAttrName="JobTitle"
    EntityUsage="Jobs"
    AliasName="JOB_TITLE"/>
  <ViewAttribute
    Name="JobId1"
    IsNotNull="true"
    PrecisionRule="true"
    EntityAttrName="JobId"
    EntityUsage="Jobs"
    AliasName="JOB_ID1"/>
  <ViewAttribute
    Name="DepartmentName"
    IsNotNull="true"
    PrecisionRule="true"
    EntityAttrName="DepartmentName"
    EntityUsage="Departments"
    AliasName="DEPARTMENT_NAME"/>
  <ViewAttribute
    Name="DepartmentId1"
    IsNotNull="true"
    PrecisionRule="true"
    EntityAttrName="DepartmentId"
    EntityUsage="Departments"
    AliasName="DEPARTMENT_ID1"/>
  <ViewAttribute
    Name="MaxSalary"
    PrecisionRule="true"
    EntityAttrName="MaxSalary"
    EntityUsage="Jobs"
    AliasName="MAX_SALARY"/>
  <ViewAttribute
    Name="MinSalary"
    PrecisionRule="true"
    EntityAttrName="MinSalary"
    EntityUsage="Jobs"
    AliasName="MIN_SALARY"/>
  <AttrArray Name="KeyAttributes">
    <Item Value="EmployeeId"/>
  </AttrArray>
  <ViewLinkAccessor
    Name="EmployeesView"
    ViewLink="com.redsamurai.model.EmpManagerFkLink"
    Type="oracle.jbo.RowIterator"
    IsUpdateable="false"/>
  <ViewLinkAccessor
    Name="DepartmentsView"
    ViewLink="com.redsamurai.model.DeptMgrFkLink"
    Type="oracle.jbo.RowIterator"
    IsUpdateable="false"/>
  <ViewLinkAccessor
    Name="JobHistoryView"
    ViewLink="com.redsamurai.model.JhistEmpFkLink"
    Type="oracle.jbo.RowIterator"
    IsUpdateable="false"/>
  <ResourceBundle>
    <PropertiesBundle
      PropertiesFile="com.redsamurai.model.ModelBundle"/>
  </ResourceBundle>
</ViewObject>
