<?xml version="1.0" encoding="UTF-8" ?>
<!DOCTYPE ViewLink SYSTEM "jbo_03_01.dtd">
<!---->
<ViewLink
  xmlns="http://xmlns.oracle.com/bc4j"
  Name="JhistEmpFkLink"
  Version="12.2.1.16.48"
  InheritPersonalization="merge"
  EntityAssociation="com.redsamurai.model.JhistEmpFkAssoc">
  <ViewLinkDefEnd
    Name="EmployeesView"
    Cardinality="1"
    Source="true"
    Owner="com.redsamurai.model.EmployeesView">
    <DesignTime>
      <Attr Name="_isUpdateable" Value="true"/>
      <Attr Name="_minCardinality" Value="1"/>
      <Attr Name="_finderName" Value="EmployeesView"/>
    </DesignTime>
    <AttrArray Name="Attributes">
      <Item Value="com.redsamurai.model.EmployeesView.EmployeeId"/>
    </AttrArray>
  </ViewLinkDefEnd>
  <ViewLinkDefEnd
    Name="JobHistoryView"
    Cardinality="-1"
    Owner="com.redsamurai.model.JobHistoryView">
    <DesignTime>
      <Attr Name="_isUpdateable" Value="true"/>
      <Attr Name="_finderName" Value="JobHistoryView"/>
    </DesignTime>
    <AttrArray Name="Attributes">
      <Item Value="com.redsamurai.model.JobHistoryView.EmployeeId"/>
    </AttrArray>
  </ViewLinkDefEnd>
</ViewLink>
