<?xml version="1.0" encoding="UTF-8" ?>
<!DOCTYPE Association SYSTEM "jbo_03_01.dtd">
<!---->
<Association
  xmlns="http://xmlns.oracle.com/bc4j"
  Name="JhistJobFkAssoc"
  Version="12.2.1.16.48"
  InheritPersonalization="merge">
  <DesignTime>
    <Attr Name="_isCodegen" Value="true"/>
  </DesignTime>
  <AssociationEnd
    Name="Jobs"
    Cardinality="1"
    Source="true"
    Owner="com.redsamurai.model.Jobs">
    <DesignTime>
      <Attr Name="_isUpdateable" Value="true"/>
      <Attr Name="_minCardinality" Value="1"/>
      <Attr Name="_aggregation" Value="0"/>
      <Attr Name="_finderName" Value="Jobs"/>
      <Attr Name="_foreignKey" Value="com.redsamurai.model.Jobs.JobIdPk"/>
    </DesignTime>
    <AttrArray Name="Attributes">
      <Item Value="com.redsamurai.model.Jobs.JobId"/>
    </AttrArray>
  </AssociationEnd>
  <AssociationEnd
    Name="JobHistory"
    Cardinality="-1"
    Owner="com.redsamurai.model.JobHistory">
    <DesignTime>
      <Attr Name="_isUpdateable" Value="true"/>
      <Attr Name="_aggregation" Value="0"/>
      <Attr Name="_finderName" Value="JobHistory"/>
      <Attr Name="_foreignKey" Value="com.redsamurai.model.JobHistory.JhistJobFk"/>
    </DesignTime>
    <AttrArray Name="Attributes">
      <Item Value="com.redsamurai.model.JobHistory.JobId"/>
    </AttrArray>
  </AssociationEnd>
</Association>
