<?xml version="1.0" encoding="UTF-8" ?>
<!DOCTYPE ViewObject SYSTEM "jbo_03_01.dtd">
<!---->
<ViewObject
  xmlns="http://xmlns.oracle.com/bc4j"
  Name="JobHistoryView"
  Version="12.2.1.16.48"
  InheritPersonalization="merge"
  SelectListFlags="1"
  FromListFlags="1"
  WhereFlags="1"
  BindingStyle="OracleName"
  CustomQuery="false"
  SelectAllAttributes="false"
  FetchMode="FETCH_AS_NEEDED"
  PageIterMode="Full"
  ComponentClass="com.redsamurai.model.BaseVOImpl">
  <EntityUsage
    Name="JobHistory"
    Entity="com.redsamurai.model.JobHistory"/>
  <EntityUsage
    Name="Jobs"
    Entity="com.redsamurai.model.Jobs"
    Association="com.redsamurai.model.JhistJobFkAssoc"
    AssociationEnd="com.redsamurai.model.JhistJobFkAssoc.Jobs"
    SourceUsage="com.redsamurai.model.JobHistoryView.JobHistory"
    ReadOnly="true"
    Reference="true"
    DeleteParticipant="false"
    JoinType="INNER JOIN">
    <DesignTime>
      <AttrArray Name="_dstAttributes">
        <Item Value="com.redsamurai.model.Jobs.JobId"/>
      </AttrArray>
      <AttrArray Name="_srcAttributes">
        <Item Value="com.redsamurai.model.JobHistory.JobId"/>
      </AttrArray>
    </DesignTime>
  </EntityUsage>
  <EntityUsage
    Name="Departments"
    Entity="com.redsamurai.model.Departments"
    Association="com.redsamurai.model.JhistDeptFkAssoc"
    AssociationEnd="com.redsamurai.model.JhistDeptFkAssoc.Departments"
    SourceUsage="com.redsamurai.model.JobHistoryView.JobHistory"
    ReadOnly="true"
    Reference="true"
    DeleteParticipant="false"
    JoinType="INNER JOIN">
    <DesignTime>
      <AttrArray Name="_dstAttributes">
        <Item Value="com.redsamurai.model.Departments.DepartmentId"/>
      </AttrArray>
      <AttrArray Name="_srcAttributes">
        <Item Value="com.redsamurai.model.JobHistory.DepartmentId"/>
      </AttrArray>
    </DesignTime>
  </EntityUsage>
  <ViewAttribute
    Name="EmployeeId"
    IsNotNull="true"
    PrecisionRule="true"
    EntityAttrName="EmployeeId"
    EntityUsage="JobHistory"
    AliasName="EMPLOYEE_ID"/>
  <ViewAttribute
    Name="StartDate"
    IsNotNull="true"
    PrecisionRule="true"
    EntityAttrName="StartDate"
    EntityUsage="JobHistory"
    AliasName="START_DATE">
    <Properties>
      <SchemaBasedProperties>
        <FMT_FORMAT
          ResId="com.redsamurai.model.JobHistoryView.StartDate_FMT_FORMAT"/>
        <FMT_FORMATTER
          ResId="com.redsamurai.model.JobHistoryView.StartDate_FMT_FORMATTER"/>
      </SchemaBasedProperties>
    </Properties>
  </ViewAttribute>
  <ViewAttribute
    Name="EndDate"
    IsNotNull="true"
    PrecisionRule="true"
    EntityAttrName="EndDate"
    EntityUsage="JobHistory"
    AliasName="END_DATE"/>
  <ViewAttribute
    Name="JobId"
    IsNotNull="true"
    PrecisionRule="true"
    EntityAttrName="JobId"
    EntityUsage="JobHistory"
    AliasName="JOB_ID"/>
  <ViewAttribute
    Name="DepartmentId"
    PrecisionRule="true"
    EntityAttrName="DepartmentId"
    EntityUsage="JobHistory"
    AliasName="DEPARTMENT_ID"/>
  <ViewAttribute
    Name="JobTitle"
    IsNotNull="true"
    PrecisionRule="true"
    EntityAttrName="JobTitle"
    EntityUsage="Jobs"
    AliasName="JOB_TITLE"/>
  <ViewAttribute
    Name="JobId1"
    IsNotNull="true"
    PrecisionRule="true"
    EntityAttrName="JobId"
    EntityUsage="Jobs"
    AliasName="JOB_ID1"/>
  <ViewAttribute
    Name="DepartmentName"
    IsNotNull="true"
    PrecisionRule="true"
    EntityAttrName="DepartmentName"
    EntityUsage="Departments"
    AliasName="DEPARTMENT_NAME"/>
  <ViewAttribute
    Name="DepartmentId1"
    IsNotNull="true"
    PrecisionRule="true"
    EntityAttrName="DepartmentId"
    EntityUsage="Departments"
    AliasName="DEPARTMENT_ID1"/>
  <ViewAttribute
    Name="JobHistoryId"
    IsUpdateable="false"
    IsSelected="false"
    IsPersistent="false"
    PrecisionRule="true"
    Precision="255"
    Type="java.lang.String"
    ColumnType="VARCHAR2"
    AliasName="VIEW_ATTR"
    SQLType="VARCHAR">
    <TransientExpression
      Name="ExpressionScript"
      trustMode="untrusted"
      CodeSourceName="JobHistoryViewRow"/>
  </ViewAttribute>
  <AttrArray Name="KeyAttributes">
    <Item Value="EmployeeId"/>
    <Item Value="StartDate"/>
  </AttrArray>
  <ResourceBundle>
    <PropertiesBundle
      PropertiesFile="com.redsamurai.model.ModelBundle"/>
  </ResourceBundle>
</ViewObject>
