<?xml version="1.0" encoding="UTF-8" ?>
<!DOCTYPE Entity SYSTEM "jbo_03_01.dtd">
<!---->
<Entity
  xmlns="http://xmlns.oracle.com/bc4j"
  Name="JobHistory"
  Version="12.2.1.16.48"
  InheritPersonalization="merge"
  DBObjectType="table"
  DBObjectName="JOB_HISTORY"
  AliasName="JobHistory"
  BindingStyle="OracleName">
  <Attribute
    Name="EmployeeId"
    IsNotNull="true"
    Precision="6"
    Scale="0"
    ColumnName="EMPLOYEE_ID"
    SQLType="NUMERIC"
    Type="java.lang.Integer"
    ColumnType="NUMBER"
    TableName="JOB_HISTORY"
    PrimaryKey="true"/>
  <Attribute
    Name="StartDate"
    IsNotNull="true"
    ColumnName="START_DATE"
    SQLType="DATE"
    Type="java.sql.Timestamp"
    ColumnType="DATE"
    TableName="JOB_HISTORY"
    PrimaryKey="true"/>
  <Attribute
    Name="EndDate"
    IsNotNull="true"
    ColumnName="END_DATE"
    SQLType="DATE"
    Type="java.sql.Timestamp"
    ColumnType="DATE"
    TableName="JOB_HISTORY"/>
  <Attribute
    Name="JobId"
    IsNotNull="true"
    Precision="10"
    ColumnName="JOB_ID"
    SQLType="VARCHAR"
    Type="java.lang.String"
    ColumnType="VARCHAR2"
    TableName="JOB_HISTORY">
    <DesignTime>
      <Attr Name="_DisplaySize" Value="10"/>
    </DesignTime>
  </Attribute>
  <Attribute
    Name="DepartmentId"
    Precision="4"
    Scale="0"
    ColumnName="DEPARTMENT_ID"
    SQLType="NUMERIC"
    Type="java.lang.Integer"
    ColumnType="NUMBER"
    TableName="JOB_HISTORY"/>
  <AccessorAttribute
    Name="Departments"
    Association="com.redsamurai.model.JhistDeptFkAssoc"
    AssociationEnd="com.redsamurai.model.JhistDeptFkAssoc.Departments"
    AssociationOtherEnd="com.redsamurai.model.JhistDeptFkAssoc.JobHistory"
    Type="oracle.jbo.server.EntityImpl"
    IsUpdateable="true"/>
  <AccessorAttribute
    Name="Employees"
    Association="com.redsamurai.model.JhistEmpFkAssoc"
    AssociationEnd="com.redsamurai.model.JhistEmpFkAssoc.Employees"
    AssociationOtherEnd="com.redsamurai.model.JhistEmpFkAssoc.JobHistory"
    Type="oracle.jbo.server.EntityImpl"
    IsUpdateable="true"/>
  <AccessorAttribute
    Name="Jobs"
    Association="com.redsamurai.model.JhistJobFkAssoc"
    AssociationEnd="com.redsamurai.model.JhistJobFkAssoc.Jobs"
    AssociationOtherEnd="com.redsamurai.model.JhistJobFkAssoc.JobHistory"
    Type="oracle.jbo.server.EntityImpl"
    IsUpdateable="true"/>
  <Key
    Name="JhistDateInterval">
    <DesignTime>
      <Attr Name="_checkCondition" Value="end_date > start_date"/>
      <Attr Name="_isCheck" Value="true"/>
      <Attr Name="_DBObjectName" Value="JHIST_DATE_INTERVAL"/>
    </DesignTime>
    <AttrArray Name="Attributes"/>
  </Key>
  <Key
    Name="JhistEmpIdStDatePk"
    PrimaryKey="true">
    <DesignTime>
      <Attr Name="_DBObjectName" Value="JHIST_EMP_ID_ST_DATE_PK"/>
    </DesignTime>
    <AttrArray Name="Attributes">
      <Item Value="com.redsamurai.model.JobHistory.EmployeeId"/>
      <Item Value="com.redsamurai.model.JobHistory.StartDate"/>
    </AttrArray>
  </Key>
  <Key
    Name="JhistEmployeeNn">
    <DesignTime>
      <Attr Name="_checkCondition" Value='"EMPLOYEE_ID" IS NOT NULL'/>
      <Attr Name="_isCheck" Value="true"/>
      <Attr Name="_DBObjectName" Value="JHIST_EMPLOYEE_NN"/>
    </DesignTime>
    <AttrArray Name="Attributes"/>
  </Key>
  <Key
    Name="JhistEndDateNn">
    <DesignTime>
      <Attr Name="_checkCondition" Value='"END_DATE" IS NOT NULL'/>
      <Attr Name="_isCheck" Value="true"/>
      <Attr Name="_DBObjectName" Value="JHIST_END_DATE_NN"/>
    </DesignTime>
    <AttrArray Name="Attributes"/>
  </Key>
  <Key
    Name="JhistJobNn">
    <DesignTime>
      <Attr Name="_checkCondition" Value='"JOB_ID" IS NOT NULL'/>
      <Attr Name="_isCheck" Value="true"/>
      <Attr Name="_DBObjectName" Value="JHIST_JOB_NN"/>
    </DesignTime>
    <AttrArray Name="Attributes"/>
  </Key>
  <Key
    Name="JhistStartDateNn">
    <DesignTime>
      <Attr Name="_checkCondition" Value='"START_DATE" IS NOT NULL'/>
      <Attr Name="_isCheck" Value="true"/>
      <Attr Name="_DBObjectName" Value="JHIST_START_DATE_NN"/>
    </DesignTime>
    <AttrArray Name="Attributes"/>
  </Key>
  <Key
    Name="JhistDeptFk">
    <DesignTime>
      <Attr Name="_referencedKey" Value="DEPT_ID_PK"/>
      <Attr Name="_isForeign" Value="true"/>
      <Attr Name="_DBObjectName" Value="JHIST_DEPT_FK"/>
    </DesignTime>
    <AttrArray Name="Attributes">
      <Item Value="com.redsamurai.model.JobHistory.DepartmentId"/>
    </AttrArray>
  </Key>
  <Key
    Name="JhistEmpFk">
    <DesignTime>
      <Attr Name="_referencedKey" Value="EMP_EMP_ID_PK"/>
      <Attr Name="_isForeign" Value="true"/>
      <Attr Name="_DBObjectName" Value="JHIST_EMP_FK"/>
    </DesignTime>
    <AttrArray Name="Attributes">
      <Item Value="com.redsamurai.model.JobHistory.EmployeeId"/>
    </AttrArray>
  </Key>
  <Key
    Name="JhistJobFk">
    <DesignTime>
      <Attr Name="_referencedKey" Value="JOB_ID_PK"/>
      <Attr Name="_isForeign" Value="true"/>
      <Attr Name="_DBObjectName" Value="JHIST_JOB_FK"/>
    </DesignTime>
    <AttrArray Name="Attributes">
      <Item Value="com.redsamurai.model.JobHistory.JobId"/>
    </AttrArray>
  </Key>
</Entity>
