<?xml version="1.0" encoding="UTF-8" ?>
<!DOCTYPE ViewObject SYSTEM "jbo_03_01.dtd">
<!---->
<ViewObject
  xmlns="http://xmlns.oracle.com/bc4j"
  Name="LiveChartVO"
  Version="12.2.1.16.48"
  InheritPersonalization="merge"
  BindingStyle="OracleName"
  CustomQuery="true"
  PageIterMode="Full"
  ComponentClass="com.redsamurai.model.LiveChartVOImpl"
  RowClass="com.redsamurai.model.LiveChartVORowImpl"
  OrderBy='"ORDNO"'>
  <DesignTime>
    <Attr Name="_isExpertMode" Value="true"/>
    <Attr Name="_codeGenFlag2" Value="Access|Coll|VarAccess"/>
    <Attr Name="_isCodegen" Value="true"/>
  </DesignTime>
  <Properties>
    <SchemaBasedProperties>
      <LABEL
        ResId="com.redsamurai.model.LiveChartVO_LABEL"/>
    </SchemaBasedProperties>
  </Properties>
  <SQLQuery><![CDATA[select 'IT_PROG' JOB_ID, 30 JOB_NO, 1 ordno from dual
union
select 'SA_REP' JOB_ID, 20 JOB_NO, 2 ordno from dual
union
select 'ST_CLERK' JOB_ID, 10 JOB_NO, 3 ordno  from dual
union
select 'SH_CLERK' JOB_ID, 4 JOB_NO, 4 ordno  from dual]]></SQLQuery>
  <ViewAttribute
    Name="JobId"
    IsPersistent="false"
    PrecisionRule="true"
    Precision="255"
    Type="java.lang.String"
    ColumnType="VARCHAR2"
    AliasName="JOB_ID"
    Expression="JOB_ID"
    SQLType="VARCHAR">
    <DesignTime>
      <Attr Name="_DisplaySize" Value="8"/>
    </DesignTime>
  </ViewAttribute>
  <ViewAttribute
    Name="JobNo"
    IsPersistent="false"
    PrecisionRule="true"
    Type="java.math.BigDecimal"
    ColumnType="NUMBER"
    AliasName="JOB_NO"
    Expression="JOB_NO"
    SQLType="NUMERIC"/>
  <ViewAttribute
    Name="Ordno"
    IsUpdateable="false"
    IsPersistent="false"
    PrecisionRule="true"
    Type="java.math.BigDecimal"
    ColumnType="NUMBER"
    AliasName="ORDNO"
    Expression="ORDNO"
    SQLType="NUMERIC"/>
  <AttrArray Name="KeyAttributes">
    <Item Value="JobId"/>
  </AttrArray>
  <ResourceBundle>
    <PropertiesBundle
      PropertiesFile="com.redsamurai.model.ModelBundle"/>
  </ResourceBundle>
</ViewObject>
