<?xml version="1.0" encoding="UTF-8" ?>
<!DOCTYPE ViewObject SYSTEM "jbo_03_01.dtd">
<!---->
<ViewObject
  xmlns="http://xmlns.oracle.com/bc4j"
  Name="LocationsView"
  Version="12.2.1.16.48"
  InheritPersonalization="merge"
  SelectListFlags="1"
  FromListFlags="1"
  WhereFlags="1"
  BindingStyle="OracleName"
  CustomQuery="false"
  SelectAllAttributes="false"
  FetchMode="FETCH_AS_NEEDED"
  PageIterMode="Full"
  ComponentClass="com.redsamurai.model.BaseVOImpl">
  <EntityUsage
    Name="Locations"
    Entity="com.redsamurai.model.Locations"/>
  <EntityUsage
    Name="Countries"
    Entity="com.redsamurai.model.Countries"
    Association="com.redsamurai.model.LocCIdFkAssoc"
    AssociationEnd="com.redsamurai.model.LocCIdFkAssoc.Countries"
    SourceUsage="com.redsamurai.model.LocationsView.Locations"
    ReadOnly="true"
    Reference="true"
    DeleteParticipant="false"
    JoinType="INNER JOIN">
    <DesignTime>
      <AttrArray Name="_dstAttributes">
        <Item Value="com.redsamurai.model.Countries.CountryId"/>
      </AttrArray>
      <AttrArray Name="_srcAttributes">
        <Item Value="com.redsamurai.model.Locations.CountryId"/>
      </AttrArray>
    </DesignTime>
  </EntityUsage>
  <ViewAttribute
    Name="LocationId"
    IsNotNull="true"
    PrecisionRule="true"
    EntityAttrName="LocationId"
    EntityUsage="Locations"
    AliasName="LOCATION_ID"/>
  <ViewAttribute
    Name="StreetAddress"
    PrecisionRule="true"
    EntityAttrName="StreetAddress"
    EntityUsage="Locations"
    AliasName="STREET_ADDRESS"/>
  <ViewAttribute
    Name="PostalCode"
    PrecisionRule="true"
    EntityAttrName="PostalCode"
    EntityUsage="Locations"
    AliasName="POSTAL_CODE"/>
  <ViewAttribute
    Name="City"
    IsNotNull="true"
    PrecisionRule="true"
    EntityAttrName="City"
    EntityUsage="Locations"
    AliasName="CITY"/>
  <ViewAttribute
    Name="StateProvince"
    PrecisionRule="true"
    EntityAttrName="StateProvince"
    EntityUsage="Locations"
    AliasName="STATE_PROVINCE"/>
  <ViewAttribute
    Name="CountryId"
    PrecisionRule="true"
    EntityAttrName="CountryId"
    EntityUsage="Locations"
    AliasName="COUNTRY_ID"/>
  <ViewAttribute
    Name="CountryName"
    PrecisionRule="true"
    EntityAttrName="CountryName"
    EntityUsage="Countries"
    AliasName="COUNTRY_NAME"/>
  <ViewAttribute
    Name="CountryId1"
    IsNotNull="true"
    PrecisionRule="true"
    EntityAttrName="CountryId"
    EntityUsage="Countries"
    AliasName="COUNTRY_ID1"/>
  <AttrArray Name="KeyAttributes">
    <Item Value="LocationId"/>
  </AttrArray>
  <ViewLinkAccessor
    Name="DepartmentsView"
    ViewLink="com.redsamurai.model.DeptLocFkLink"
    Type="oracle.jbo.RowIterator"
    IsUpdateable="false"/>
</ViewObject>
