<?xml version="1.0" encoding="UTF-8" ?>
<!DOCTYPE ViewLink SYSTEM "jbo_03_01.dtd">
<!---->
<ViewLink
  xmlns="http://xmlns.oracle.com/bc4j"
  Name="LocCIdFkLink"
  Version="12.2.1.16.48"
  InheritPersonalization="merge"
  EntityAssociation="com.redsamurai.model.LocCIdFkAssoc">
  <ViewLinkDefEnd
    Name="CountriesView"
    Cardinality="1"
    Source="true"
    Owner="com.redsamurai.model.CountriesView">
    <DesignTime>
      <Attr Name="_isUpdateable" Value="true"/>
      <Attr Name="_finderName" Value="CountriesView"/>
    </DesignTime>
    <AttrArray Name="Attributes">
      <Item Value="com.redsamurai.model.CountriesView.CountryId"/>
    </AttrArray>
  </ViewLinkDefEnd>
  <ViewLinkDefEnd
    Name="LocationsView"
    Cardinality="-1"
    Owner="com.redsamurai.model.LocationsView">
    <DesignTime>
      <Attr Name="_isUpdateable" Value="true"/>
      <Attr Name="_finderName" Value="LocationsView"/>
    </DesignTime>
    <AttrArray Name="Attributes">
      <Item Value="com.redsamurai.model.LocationsView.CountryId"/>
    </AttrArray>
  </ViewLinkDefEnd>
</ViewLink>
