<?xml version="1.0" encoding="UTF-8" ?>
<!DOCTYPE Entity SYSTEM "jbo_03_01.dtd">
<!---->
<Entity
  xmlns="http://xmlns.oracle.com/bc4j"
  Name="Regions"
  Version="12.2.1.16.48"
  InheritPersonalization="merge"
  DBObjectType="table"
  DBObjectName="REGIONS"
  AliasName="Regions"
  BindingStyle="OracleName">
  <Attribute
    Name="RegionId"
    IsNotNull="true"
    ColumnName="REGION_ID"
    SQLType="NUMERIC"
    Type="java.math.BigDecimal"
    ColumnType="NUMBER"
    TableName="REGIONS"
    PrimaryKey="true"/>
  <Attribute
    Name="RegionName"
    Precision="25"
    ColumnName="REGION_NAME"
    SQLType="VARCHAR"
    Type="java.lang.String"
    ColumnType="VARCHAR2"
    TableName="REGIONS">
    <DesignTime>
      <Attr Name="_DisplaySize" Value="25"/>
    </DesignTime>
  </Attribute>
  <AccessorAttribute
    Name="Countries"
    Association="com.redsamurai.model.CountrRegFkAssoc"
    AssociationEnd="com.redsamurai.model.CountrRegFkAssoc.Countries"
    AssociationOtherEnd="com.redsamurai.model.CountrRegFkAssoc.Regions"
    Type="oracle.jbo.RowIterator"
    IsUpdateable="false"/>
  <Key
    Name="RegIdPk"
    PrimaryKey="true">
    <DesignTime>
      <Attr Name="_DBObjectName" Value="REG_ID_PK"/>
    </DesignTime>
    <AttrArray Name="Attributes">
      <Item Value="com.redsamurai.model.Regions.RegionId"/>
    </AttrArray>
  </Key>
  <Key
    Name="RegionIdNn">
    <DesignTime>
      <Attr Name="_checkCondition" Value='"REGION_ID" IS NOT NULL'/>
      <Attr Name="_isCheck" Value="true"/>
      <Attr Name="_DBObjectName" Value="REGION_ID_NN"/>
    </DesignTime>
    <AttrArray Name="Attributes"/>
  </Key>
</Entity>
